{"cameraMode":{"drawMode":0,"name":"Shaded","section":"Shading Mode"},"sceneLighting":false,"audioPlay":false,"sceneViewState":{"showFog":true,"showMaterialUpdate":true,"showSkybox":true,"showFlares":true,"showImageEffects":true,"showParticleSystems":true},"in2DMode":false,"pivot":{"x":30.000032424926759,"y":-92.20931243896485,"z":157.7862548828125},"rotation":{"x":-7.612562802350453e-10,"y":0.9991182088851929,"z":-0.04198767989873886,"w":1.5228215133333835e-8},"size":1066.602783203125,"orthographic":false}